schema_version,case_id,category,channel,task_type,before_text,after_text,entity_rules,tags,notes,meta
v1,A-EMAIL_ADDRESS-WEB-PUBLIC,사외,WEB,홈페이지 공지,문의 메일: hong.gildong@example.com,문의 메일: *@example.com,"[{""entity_type"": ""EMAIL_ADDRESS"", ""action"": ""mask_partial"", ""params"": {""keep_domain"": true, ""keep_local"": 0}}]","[""사외"", ""WEB"", ""홈페이지 공지"", ""PUBLIC""]",사외 공개: 로컬파트 비공개,"{""audience"": ""PUBLIC"", ""recognizer"": ""EmailRecognizer"", ""entity_type"": ""EMAIL_ADDRESS""}"
v1,A-EMAIL_ADDRESS-WEB-CUSTOMER,사외,WEB,고객 포털 공지,문의 메일: hong.gildong@example.com,문의 메일: *@example.com,"[{""entity_type"": ""EMAIL_ADDRESS"", ""action"": ""mask_partial"", ""params"": {""keep_domain"": true, ""keep_local"": 0}}]","[""사외"", ""WEB"", ""고객 포털 공지"", ""CUSTOMER""]",사외 공개: 로컬파트 비공개,"{""audience"": ""CUSTOMER"", ""recognizer"": ""EmailRecognizer"", ""entity_type"": ""EMAIL_ADDRESS""}"
v1,A-EMAIL_ADDRESS-WEB-EMPLOYEE,사내,WEB,인트라넷 공지,문의 메일: hong.gildong@example.com,문의 메일: hong.gildong@example.com,"[{""entity_type"": ""EMAIL_ADDRESS"", ""action"": ""keep"", ""params"": {}}]","[""사내"", ""WEB"", ""인트라넷 공지"", ""EMPLOYEE""]",사내 범위: 업무용 메일 허용,"{""audience"": ""EMPLOYEE"", ""recognizer"": ""EmailRecognizer"", ""entity_type"": ""EMAIL_ADDRESS""}"
v1,A-EMAIL_ADDRESS-WEB-PARTNER,사외,WEB,파트너 포털 공지,문의 메일: hong.gildong@example.com,문의 메일: *@example.com,"[{""entity_type"": ""EMAIL_ADDRESS"", ""action"": ""mask_partial"", ""params"": {""keep_domain"": true, ""keep_local"": 0}}]","[""사외"", ""WEB"", ""파트너 포털 공지"", ""PARTNER""]",사외 공개: 로컬파트 비공개,"{""audience"": ""PARTNER"", ""recognizer"": ""EmailRecognizer"", ""entity_type"": ""EMAIL_ADDRESS""}"
v1,A-EMAIL_ADDRESS-EMAIL-PUBLIC,사외,EMAIL,뉴스레터,문의 메일: hong.gildong@example.com,문의 메일: *@example.com,"[{""entity_type"": ""EMAIL_ADDRESS"", ""action"": ""mask_partial"", ""params"": {""keep_domain"": true, ""keep_local"": 0}}]","[""사외"", ""EMAIL"", ""뉴스레터"", ""PUBLIC""]",사외 공개: 로컬파트 비공개,"{""audience"": ""PUBLIC"", ""recognizer"": ""EmailRecognizer"", ""entity_type"": ""EMAIL_ADDRESS""}"
v1,A-EMAIL_ADDRESS-EMAIL-CUSTOMER,사외,EMAIL,고객 안내 메일,문의 메일: hong.gildong@example.com,문의 메일: *@example.com,"[{""entity_type"": ""EMAIL_ADDRESS"", ""action"": ""mask_partial"", ""params"": {""keep_domain"": true, ""keep_local"": 0}}]","[""사외"", ""EMAIL"", ""고객 안내 메일"", ""CUSTOMER""]",사외 공개: 로컬파트 비공개,"{""audience"": ""CUSTOMER"", ""recognizer"": ""EmailRecognizer"", ""entity_type"": ""EMAIL_ADDRESS""}"
v1,A-EMAIL_ADDRESS-EMAIL-EMPLOYEE,사내,EMAIL,사내 전체메일,문의 메일: hong.gildong@example.com,문의 메일: hong.gildong@example.com,"[{""entity_type"": ""EMAIL_ADDRESS"", ""action"": ""keep"", ""params"": {}}]","[""사내"", ""EMAIL"", ""사내 전체메일"", ""EMPLOYEE""]",사내 범위: 업무용 메일 허용,"{""audience"": ""EMPLOYEE"", ""recognizer"": ""EmailRecognizer"", ""entity_type"": ""EMAIL_ADDRESS""}"
v1,A-EMAIL_ADDRESS-EMAIL-PARTNER,사외,EMAIL,협력사 공지 메일,문의 메일: hong.gildong@example.com,문의 메일: *@example.com,"[{""entity_type"": ""EMAIL_ADDRESS"", ""action"": ""mask_partial"", ""params"": {""keep_domain"": true, ""keep_local"": 0}}]","[""사외"", ""EMAIL"", ""협력사 공지 메일"", ""PARTNER""]",사외 공개: 로컬파트 비공개,"{""audience"": ""PARTNER"", ""recognizer"": ""EmailRecognizer"", ""entity_type"": ""EMAIL_ADDRESS""}"
v1,A-EMAIL_ADDRESS-PRESS-PUBLIC,사외,PRESS,보도자료,문의 메일: hong.gildong@example.com,문의 메일: *@example.com,"[{""entity_type"": ""EMAIL_ADDRESS"", ""action"": ""mask_partial"", ""params"": {""keep_domain"": true, ""keep_local"": 0}}]","[""사외"", ""PRESS"", ""보도자료"", ""PUBLIC""]",사외 공개: 로컬파트 비공개,"{""audience"": ""PUBLIC"", ""recognizer"": ""EmailRecognizer"", ""entity_type"": ""EMAIL_ADDRESS""}"
v1,A-EMAIL_ADDRESS-SNS-PUBLIC,사외,SNS,SNS 게시물,문의 메일: hong.gildong@example.com,문의 메일: *@example.com,"[{""entity_type"": ""EMAIL_ADDRESS"", ""action"": ""mask_partial"", ""params"": {""keep_domain"": true, ""keep_local"": 0}}]","[""사외"", ""SNS"", ""SNS 게시물"", ""PUBLIC""]",사외 공개: 로컬파트 비공개,"{""audience"": ""PUBLIC"", ""recognizer"": ""EmailRecognizer"", ""entity_type"": ""EMAIL_ADDRESS""}"
v1,A-EMAIL_ADDRESS-SNS-CUSTOMER,사외,SNS,SNS 고객 안내,문의 메일: hong.gildong@example.com,문의 메일: *@example.com,"[{""entity_type"": ""EMAIL_ADDRESS"", ""action"": ""mask_partial"", ""params"": {""keep_domain"": true, ""keep_local"": 0}}]","[""사외"", ""SNS"", ""SNS 고객 안내"", ""CUSTOMER""]",사외 공개: 로컬파트 비공개,"{""audience"": ""CUSTOMER"", ""recognizer"": ""EmailRecognizer"", ""entity_type"": ""EMAIL_ADDRESS""}"
v1,A-EMAIL_ADDRESS-PRINT-PUBLIC,사외,PRINT,전단/포스터,문의 메일: hong.gildong@example.com,문의 메일: *@example.com,"[{""entity_type"": ""EMAIL_ADDRESS"", ""action"": ""mask_partial"", ""params"": {""keep_domain"": true, ""keep_local"": 0}}]","[""사외"", ""PRINT"", ""전단/포스터"", ""PUBLIC""]",사외 공개: 로컬파트 비공개,"{""audience"": ""PUBLIC"", ""recognizer"": ""EmailRecognizer"", ""entity_type"": ""EMAIL_ADDRESS""}"
v1,A-EMAIL_ADDRESS-PRINT-CUSTOMER,사외,PRINT,고객 발송 안내문,문의 메일: hong.gildong@example.com,문의 메일: *@example.com,"[{""entity_type"": ""EMAIL_ADDRESS"", ""action"": ""mask_partial"", ""params"": {""keep_domain"": true, ""keep_local"": 0}}]","[""사외"", ""PRINT"", ""고객 발송 안내문"", ""CUSTOMER""]",사외 공개: 로컬파트 비공개,"{""audience"": ""CUSTOMER"", ""recognizer"": ""EmailRecognizer"", ""entity_type"": ""EMAIL_ADDRESS""}"
v1,A-EMAIL_ADDRESS-PRINT-EMPLOYEE,사내,PRINT,사내 게시판 공지,문의 메일: hong.gildong@example.com,문의 메일: hong.gildong@example.com,"[{""entity_type"": ""EMAIL_ADDRESS"", ""action"": ""keep"", ""params"": {}}]","[""사내"", ""PRINT"", ""사내 게시판 공지"", ""EMPLOYEE""]",사내 범위: 업무용 메일 허용,"{""audience"": ""EMPLOYEE"", ""recognizer"": ""EmailRecognizer"", ""entity_type"": ""EMAIL_ADDRESS""}"
v1,A-EMAIL_ADDRESS-PRINT-PARTNER,사외,PRINT,협력사 배포 자료,문의 메일: hong.gildong@example.com,문의 메일: *@example.com,"[{""entity_type"": ""EMAIL_ADDRESS"", ""action"": ""mask_partial"", ""params"": {""keep_domain"": true, ""keep_local"": 0}}]","[""사외"", ""PRINT"", ""협력사 배포 자료"", ""PARTNER""]",사외 공개: 로컬파트 비공개,"{""audience"": ""PARTNER"", ""recognizer"": ""EmailRecognizer"", ""entity_type"": ""EMAIL_ADDRESS""}"
v1,A-GPS-WEB-PUBLIC,사외,WEB,홈페이지 공지,"현장 좌표: 37.5665, 126.9780",현장 위치: 서울시 중구 일대(좌표 비공개),"[{""entity_type"": ""GPS"", ""action"": ""mask_partial"", ""params"": {""granularity"": ""city_district""}}]","[""사외"", ""WEB"", ""홈페이지 공지"", ""PUBLIC""]",사외 공개: 좌표 대신 시/구 수준,"{""audience"": ""PUBLIC"", ""recognizer"": ""GPSRecognizer"", ""entity_type"": ""GPS""}"
v1,A-GPS-WEB-CUSTOMER,사외,WEB,고객 포털 공지,"현장 좌표: 37.5665, 126.9780",현장 위치: 서울시 중구 일대(좌표 비공개),"[{""entity_type"": ""GPS"", ""action"": ""mask_partial"", ""params"": {""granularity"": ""city_district""}}]","[""사외"", ""WEB"", ""고객 포털 공지"", ""CUSTOMER""]",사외 공개: 좌표 대신 시/구 수준,"{""audience"": ""CUSTOMER"", ""recognizer"": ""GPSRecognizer"", ""entity_type"": ""GPS""}"
v1,A-GPS-WEB-EMPLOYEE,사내,WEB,인트라넷 공지,"현장 좌표: 37.5665, 126.9780","현장 좌표: 37.5665, 126.9780 (±100m)","[{""entity_type"": ""GPS"", ""action"": ""mask_partial"", ""params"": {""precision_m"": 100}}]","[""사내"", ""WEB"", ""인트라넷 공지"", ""EMPLOYEE""]",사내 공유: 정밀도 축소,"{""audience"": ""EMPLOYEE"", ""recognizer"": ""GPSRecognizer"", ""entity_type"": ""GPS""}"
v1,A-GPS-WEB-PARTNER,사외,WEB,파트너 포털 공지,"현장 좌표: 37.5665, 126.9780",현장 위치: 서울시 중구 일대(좌표 비공개),"[{""entity_type"": ""GPS"", ""action"": ""mask_partial"", ""params"": {""granularity"": ""city_district""}}]","[""사외"", ""WEB"", ""파트너 포털 공지"", ""PARTNER""]",사외 공개: 좌표 대신 시/구 수준,"{""audience"": ""PARTNER"", ""recognizer"": ""GPSRecognizer"", ""entity_type"": ""GPS""}"
v1,A-GPS-EMAIL-PUBLIC,사외,EMAIL,뉴스레터,"현장 좌표: 37.5665, 126.9780",현장 위치: 서울시 중구 일대(좌표 비공개),"[{""entity_type"": ""GPS"", ""action"": ""mask_partial"", ""params"": {""granularity"": ""city_district""}}]","[""사외"", ""EMAIL"", ""뉴스레터"", ""PUBLIC""]",사외 공개: 좌표 대신 시/구 수준,"{""audience"": ""PUBLIC"", ""recognizer"": ""GPSRecognizer"", ""entity_type"": ""GPS""}"
v1,A-GPS-EMAIL-CUSTOMER,사외,EMAIL,고객 안내 메일,"현장 좌표: 37.5665, 126.9780",현장 위치: 서울시 중구 일대(좌표 비공개),"[{""entity_type"": ""GPS"", ""action"": ""mask_partial"", ""params"": {""granularity"": ""city_district""}}]","[""사외"", ""EMAIL"", ""고객 안내 메일"", ""CUSTOMER""]",사외 공개: 좌표 대신 시/구 수준,"{""audience"": ""CUSTOMER"", ""recognizer"": ""GPSRecognizer"", ""entity_type"": ""GPS""}"
v1,A-GPS-EMAIL-EMPLOYEE,사내,EMAIL,사내 전체메일,"현장 좌표: 37.5665, 126.9780","현장 좌표: 37.5665, 126.9780 (±100m)","[{""entity_type"": ""GPS"", ""action"": ""mask_partial"", ""params"": {""precision_m"": 100}}]","[""사내"", ""EMAIL"", ""사내 전체메일"", ""EMPLOYEE""]",사내 공유: 정밀도 축소,"{""audience"": ""EMPLOYEE"", ""recognizer"": ""GPSRecognizer"", ""entity_type"": ""GPS""}"
v1,A-GPS-EMAIL-PARTNER,사외,EMAIL,협력사 공지 메일,"현장 좌표: 37.5665, 126.9780",현장 위치: 서울시 중구 일대(좌표 비공개),"[{""entity_type"": ""GPS"", ""action"": ""mask_partial"", ""params"": {""granularity"": ""city_district""}}]","[""사외"", ""EMAIL"", ""협력사 공지 메일"", ""PARTNER""]",사외 공개: 좌표 대신 시/구 수준,"{""audience"": ""PARTNER"", ""recognizer"": ""GPSRecognizer"", ""entity_type"": ""GPS""}"
v1,A-GPS-PRESS-PUBLIC,사외,PRESS,보도자료,"현장 좌표: 37.5665, 126.9780",현장 위치: 서울시 중구 일대(좌표 비공개),"[{""entity_type"": ""GPS"", ""action"": ""mask_partial"", ""params"": {""granularity"": ""city_district""}}]","[""사외"", ""PRESS"", ""보도자료"", ""PUBLIC""]",사외 공개: 좌표 대신 시/구 수준,"{""audience"": ""PUBLIC"", ""recognizer"": ""GPSRecognizer"", ""entity_type"": ""GPS""}"
v1,A-GPS-SNS-PUBLIC,사외,SNS,SNS 게시물,"현장 좌표: 37.5665, 126.9780",현장 위치: 서울시 중구 일대(좌표 비공개),"[{""entity_type"": ""GPS"", ""action"": ""mask_partial"", ""params"": {""granularity"": ""city_district""}}]","[""사외"", ""SNS"", ""SNS 게시물"", ""PUBLIC""]",사외 공개: 좌표 대신 시/구 수준,"{""audience"": ""PUBLIC"", ""recognizer"": ""GPSRecognizer"", ""entity_type"": ""GPS""}"
v1,A-GPS-SNS-CUSTOMER,사외,SNS,SNS 고객 안내,"현장 좌표: 37.5665, 126.9780",현장 위치: 서울시 중구 일대(좌표 비공개),"[{""entity_type"": ""GPS"", ""action"": ""mask_partial"", ""params"": {""granularity"": ""city_district""}}]","[""사외"", ""SNS"", ""SNS 고객 안내"", ""CUSTOMER""]",사외 공개: 좌표 대신 시/구 수준,"{""audience"": ""CUSTOMER"", ""recognizer"": ""GPSRecognizer"", ""entity_type"": ""GPS""}"
v1,A-GPS-PRINT-PUBLIC,사외,PRINT,전단/포스터,"현장 좌표: 37.5665, 126.9780",현장 위치: 서울시 중구 일대(좌표 비공개),"[{""entity_type"": ""GPS"", ""action"": ""mask_partial"", ""params"": {""granularity"": ""city_district""}}]","[""사외"", ""PRINT"", ""전단/포스터"", ""PUBLIC""]",사외 공개: 좌표 대신 시/구 수준,"{""audience"": ""PUBLIC"", ""recognizer"": ""GPSRecognizer"", ""entity_type"": ""GPS""}"
v1,A-GPS-PRINT-CUSTOMER,사외,PRINT,고객 발송 안내문,"현장 좌표: 37.5665, 126.9780",현장 위치: 서울시 중구 일대(좌표 비공개),"[{""entity_type"": ""GPS"", ""action"": ""mask_partial"", ""params"": {""granularity"": ""city_district""}}]","[""사외"", ""PRINT"", ""고객 발송 안내문"", ""CUSTOMER""]",사외 공개: 좌표 대신 시/구 수준,"{""audience"": ""CUSTOMER"", ""recognizer"": ""GPSRecognizer"", ""entity_type"": ""GPS""}"
v1,A-GPS-PRINT-EMPLOYEE,사내,PRINT,사내 게시판 공지,"현장 좌표: 37.5665, 126.9780","현장 좌표: 37.5665, 126.9780 (±100m)","[{""entity_type"": ""GPS"", ""action"": ""mask_partial"", ""params"": {""precision_m"": 100}}]","[""사내"", ""PRINT"", ""사내 게시판 공지"", ""EMPLOYEE""]",사내 공유: 정밀도 축소,"{""audience"": ""EMPLOYEE"", ""recognizer"": ""GPSRecognizer"", ""entity_type"": ""GPS""}"
v1,A-GPS-PRINT-PARTNER,사외,PRINT,협력사 배포 자료,"현장 좌표: 37.5665, 126.9780",현장 위치: 서울시 중구 일대(좌표 비공개),"[{""entity_type"": ""GPS"", ""action"": ""mask_partial"", ""params"": {""granularity"": ""city_district""}}]","[""사외"", ""PRINT"", ""협력사 배포 자료"", ""PARTNER""]",사외 공개: 좌표 대신 시/구 수준,"{""audience"": ""PARTNER"", ""recognizer"": ""GPSRecognizer"", ""entity_type"": ""GPS""}"
v1,A-IP_ADDRESS-WEB-PUBLIC,사외,WEB,홈페이지 공지,접속 IP: 203.0.113.45,접속 IP: 203.0.***.***,"[{""entity_type"": ""IP_ADDRESS"", ""action"": ""mask_partial"", ""params"": {""keep_prefix_octets"": 2}}]","[""사외"", ""WEB"", ""홈페이지 공지"", ""PUBLIC""]",사외 공개: /16까지만 표시,"{""audience"": ""PUBLIC"", ""recognizer"": ""IPRecognizer"", ""entity_type"": ""IP_ADDRESS""}"
v1,A-IP_ADDRESS-WEB-CUSTOMER,사외,WEB,고객 포털 공지,접속 IP: 203.0.113.45,접속 IP: 203.0.***.***,"[{""entity_type"": ""IP_ADDRESS"", ""action"": ""mask_partial"", ""params"": {""keep_prefix_octets"": 2}}]","[""사외"", ""WEB"", ""고객 포털 공지"", ""CUSTOMER""]",사외 공개: /16까지만 표시,"{""audience"": ""CUSTOMER"", ""recognizer"": ""IPRecognizer"", ""entity_type"": ""IP_ADDRESS""}"
v1,A-IP_ADDRESS-WEB-EMPLOYEE,사내,WEB,인트라넷 공지,접속 IP: 203.0.113.45,접속 IP: 203.0.113.45,"[{""entity_type"": ""IP_ADDRESS"", ""action"": ""keep"", ""params"": {}}]","[""사내"", ""WEB"", ""인트라넷 공지"", ""EMPLOYEE""]",사내 범위: 보안 로그용 허용,"{""audience"": ""EMPLOYEE"", ""recognizer"": ""IPRecognizer"", ""entity_type"": ""IP_ADDRESS""}"
v1,A-IP_ADDRESS-WEB-PARTNER,사외,WEB,파트너 포털 공지,접속 IP: 203.0.113.45,접속 IP: 203.0.***.***,"[{""entity_type"": ""IP_ADDRESS"", ""action"": ""mask_partial"", ""params"": {""keep_prefix_octets"": 2}}]","[""사외"", ""WEB"", ""파트너 포털 공지"", ""PARTNER""]",사외 공개: /16까지만 표시,"{""audience"": ""PARTNER"", ""recognizer"": ""IPRecognizer"", ""entity_type"": ""IP_ADDRESS""}"
v1,A-IP_ADDRESS-EMAIL-PUBLIC,사외,EMAIL,뉴스레터,접속 IP: 203.0.113.45,접속 IP: 203.0.***.***,"[{""entity_type"": ""IP_ADDRESS"", ""action"": ""mask_partial"", ""params"": {""keep_prefix_octets"": 2}}]","[""사외"", ""EMAIL"", ""뉴스레터"", ""PUBLIC""]",사외 공개: /16까지만 표시,"{""audience"": ""PUBLIC"", ""recognizer"": ""IPRecognizer"", ""entity_type"": ""IP_ADDRESS""}"
v1,A-IP_ADDRESS-EMAIL-CUSTOMER,사외,EMAIL,고객 안내 메일,접속 IP: 203.0.113.45,접속 IP: 203.0.***.***,"[{""entity_type"": ""IP_ADDRESS"", ""action"": ""mask_partial"", ""params"": {""keep_prefix_octets"": 2}}]","[""사외"", ""EMAIL"", ""고객 안내 메일"", ""CUSTOMER""]",사외 공개: /16까지만 표시,"{""audience"": ""CUSTOMER"", ""recognizer"": ""IPRecognizer"", ""entity_type"": ""IP_ADDRESS""}"
v1,A-IP_ADDRESS-EMAIL-EMPLOYEE,사내,EMAIL,사내 전체메일,접속 IP: 203.0.113.45,접속 IP: 203.0.113.45,"[{""entity_type"": ""IP_ADDRESS"", ""action"": ""keep"", ""params"": {}}]","[""사내"", ""EMAIL"", ""사내 전체메일"", ""EMPLOYEE""]",사내 범위: 보안 로그용 허용,"{""audience"": ""EMPLOYEE"", ""recognizer"": ""IPRecognizer"", ""entity_type"": ""IP_ADDRESS""}"
v1,A-IP_ADDRESS-EMAIL-PARTNER,사외,EMAIL,협력사 공지 메일,접속 IP: 203.0.113.45,접속 IP: 203.0.***.***,"[{""entity_type"": ""IP_ADDRESS"", ""action"": ""mask_partial"", ""params"": {""keep_prefix_octets"": 2}}]","[""사외"", ""EMAIL"", ""협력사 공지 메일"", ""PARTNER""]",사외 공개: /16까지만 표시,"{""audience"": ""PARTNER"", ""recognizer"": ""IPRecognizer"", ""entity_type"": ""IP_ADDRESS""}"
v1,A-IP_ADDRESS-PRESS-PUBLIC,사외,PRESS,보도자료,접속 IP: 203.0.113.45,접속 IP: 203.0.***.***,"[{""entity_type"": ""IP_ADDRESS"", ""action"": ""mask_partial"", ""params"": {""keep_prefix_octets"": 2}}]","[""사외"", ""PRESS"", ""보도자료"", ""PUBLIC""]",사외 공개: /16까지만 표시,"{""audience"": ""PUBLIC"", ""recognizer"": ""IPRecognizer"", ""entity_type"": ""IP_ADDRESS""}"
v1,A-IP_ADDRESS-SNS-PUBLIC,사외,SNS,SNS 게시물,접속 IP: 203.0.113.45,접속 IP: 203.0.***.***,"[{""entity_type"": ""IP_ADDRESS"", ""action"": ""mask_partial"", ""params"": {""keep_prefix_octets"": 2}}]","[""사외"", ""SNS"", ""SNS 게시물"", ""PUBLIC""]",사외 공개: /16까지만 표시,"{""audience"": ""PUBLIC"", ""recognizer"": ""IPRecognizer"", ""entity_type"": ""IP_ADDRESS""}"
v1,A-IP_ADDRESS-SNS-CUSTOMER,사외,SNS,SNS 고객 안내,접속 IP: 203.0.113.45,접속 IP: 203.0.***.***,"[{""entity_type"": ""IP_ADDRESS"", ""action"": ""mask_partial"", ""params"": {""keep_prefix_octets"": 2}}]","[""사외"", ""SNS"", ""SNS 고객 안내"", ""CUSTOMER""]",사외 공개: /16까지만 표시,"{""audience"": ""CUSTOMER"", ""recognizer"": ""IPRecognizer"", ""entity_type"": ""IP_ADDRESS""}"
v1,A-IP_ADDRESS-PRINT-PUBLIC,사외,PRINT,전단/포스터,접속 IP: 203.0.113.45,접속 IP: 203.0.***.***,"[{""entity_type"": ""IP_ADDRESS"", ""action"": ""mask_partial"", ""params"": {""keep_prefix_octets"": 2}}]","[""사외"", ""PRINT"", ""전단/포스터"", ""PUBLIC""]",사외 공개: /16까지만 표시,"{""audience"": ""PUBLIC"", ""recognizer"": ""IPRecognizer"", ""entity_type"": ""IP_ADDRESS""}"
v1,A-IP_ADDRESS-PRINT-CUSTOMER,사외,PRINT,고객 발송 안내문,접속 IP: 203.0.113.45,접속 IP: 203.0.***.***,"[{""entity_type"": ""IP_ADDRESS"", ""action"": ""mask_partial"", ""params"": {""keep_prefix_octets"": 2}}]","[""사외"", ""PRINT"", ""고객 발송 안내문"", ""CUSTOMER""]",사외 공개: /16까지만 표시,"{""audience"": ""CUSTOMER"", ""recognizer"": ""IPRecognizer"", ""entity_type"": ""IP_ADDRESS""}"
v1,A-IP_ADDRESS-PRINT-EMPLOYEE,사내,PRINT,사내 게시판 공지,접속 IP: 203.0.113.45,접속 IP: 203.0.113.45,"[{""entity_type"": ""IP_ADDRESS"", ""action"": ""keep"", ""params"": {}}]","[""사내"", ""PRINT"", ""사내 게시판 공지"", ""EMPLOYEE""]",사내 범위: 보안 로그용 허용,"{""audience"": ""EMPLOYEE"", ""recognizer"": ""IPRecognizer"", ""entity_type"": ""IP_ADDRESS""}"
v1,A-IP_ADDRESS-PRINT-PARTNER,사외,PRINT,협력사 배포 자료,접속 IP: 203.0.113.45,접속 IP: 203.0.***.***,"[{""entity_type"": ""IP_ADDRESS"", ""action"": ""mask_partial"", ""params"": {""keep_prefix_octets"": 2}}]","[""사외"", ""PRINT"", ""협력사 배포 자료"", ""PARTNER""]",사외 공개: /16까지만 표시,"{""audience"": ""PARTNER"", ""recognizer"": ""IPRecognizer"", ""entity_type"": ""IP_ADDRESS""}"
v1,A-BANK_ACCOUNT-WEB-PUBLIC,사외,WEB,홈페이지 공지,계좌번호: 123-456-789012,계좌번호: *************,"[{""entity_type"": ""BANK_ACCOUNT"", ""action"": ""mask_full"", ""params"": {}}]","[""사외"", ""WEB"", ""홈페이지 공지"", ""PUBLIC""]",사외 공개 금지,"{""audience"": ""PUBLIC"", ""recognizer"": ""BankAccountRecognizer"", ""entity_type"": ""BANK_ACCOUNT""}"
v1,A-BANK_ACCOUNT-WEB-CUSTOMER,사외,WEB,고객 포털 공지,계좌번호: 123-456-789012,계좌번호: *************,"[{""entity_type"": ""BANK_ACCOUNT"", ""action"": ""mask_full"", ""params"": {}}]","[""사외"", ""WEB"", ""고객 포털 공지"", ""CUSTOMER""]",사외 공개 금지,"{""audience"": ""CUSTOMER"", ""recognizer"": ""BankAccountRecognizer"", ""entity_type"": ""BANK_ACCOUNT""}"
v1,A-BANK_ACCOUNT-WEB-EMPLOYEE,사내,WEB,인트라넷 공지,계좌번호: 123-456-789012,계좌번호: **********12,"[{""entity_type"": ""BANK_ACCOUNT"", ""action"": ""mask_partial"", ""params"": {""keep_last"": 2}}]","[""사내"", ""WEB"", ""인트라넷 공지"", ""EMPLOYEE""]",사내 최소 공개(끝 2자리),"{""audience"": ""EMPLOYEE"", ""recognizer"": ""BankAccountRecognizer"", ""entity_type"": ""BANK_ACCOUNT""}"
v1,A-BANK_ACCOUNT-WEB-PARTNER,사외,WEB,파트너 포털 공지,계좌번호: 123-456-789012,계좌번호: *************,"[{""entity_type"": ""BANK_ACCOUNT"", ""action"": ""mask_full"", ""params"": {}}]","[""사외"", ""WEB"", ""파트너 포털 공지"", ""PARTNER""]",사외 공개 금지,"{""audience"": ""PARTNER"", ""recognizer"": ""BankAccountRecognizer"", ""entity_type"": ""BANK_ACCOUNT""}"
v1,A-BANK_ACCOUNT-EMAIL-PUBLIC,사외,EMAIL,뉴스레터,계좌번호: 123-456-789012,계좌번호: *************,"[{""entity_type"": ""BANK_ACCOUNT"", ""action"": ""mask_full"", ""params"": {}}]","[""사외"", ""EMAIL"", ""뉴스레터"", ""PUBLIC""]",사외 공개 금지,"{""audience"": ""PUBLIC"", ""recognizer"": ""BankAccountRecognizer"", ""entity_type"": ""BANK_ACCOUNT""}"
v1,A-BANK_ACCOUNT-EMAIL-CUSTOMER,사외,EMAIL,고객 안내 메일,계좌번호: 123-456-789012,계좌번호: *************,"[{""entity_type"": ""BANK_ACCOUNT"", ""action"": ""mask_full"", ""params"": {}}]","[""사외"", ""EMAIL"", ""고객 안내 메일"", ""CUSTOMER""]",사외 공개 금지,"{""audience"": ""CUSTOMER"", ""recognizer"": ""BankAccountRecognizer"", ""entity_type"": ""BANK_ACCOUNT""}"
v1,A-BANK_ACCOUNT-EMAIL-EMPLOYEE,사내,EMAIL,사내 전체메일,계좌번호: 123-456-789012,계좌번호: **********12,"[{""entity_type"": ""BANK_ACCOUNT"", ""action"": ""mask_partial"", ""params"": {""keep_last"": 2}}]","[""사내"", ""EMAIL"", ""사내 전체메일"", ""EMPLOYEE""]",사내 최소 공개(끝 2자리),"{""audience"": ""EMPLOYEE"", ""recognizer"": ""BankAccountRecognizer"", ""entity_type"": ""BANK_ACCOUNT""}"
v1,A-BANK_ACCOUNT-EMAIL-PARTNER,사외,EMAIL,협력사 공지 메일,계좌번호: 123-456-789012,계좌번호: *************,"[{""entity_type"": ""BANK_ACCOUNT"", ""action"": ""mask_full"", ""params"": {}}]","[""사외"", ""EMAIL"", ""협력사 공지 메일"", ""PARTNER""]",사외 공개 금지,"{""audience"": ""PARTNER"", ""recognizer"": ""BankAccountRecognizer"", ""entity_type"": ""BANK_ACCOUNT""}"
v1,A-BANK_ACCOUNT-PRESS-PUBLIC,사외,PRESS,보도자료,계좌번호: 123-456-789012,계좌번호: *************,"[{""entity_type"": ""BANK_ACCOUNT"", ""action"": ""mask_full"", ""params"": {}}]","[""사외"", ""PRESS"", ""보도자료"", ""PUBLIC""]",사외 공개 금지,"{""audience"": ""PUBLIC"", ""recognizer"": ""BankAccountRecognizer"", ""entity_type"": ""BANK_ACCOUNT""}"
v1,A-BANK_ACCOUNT-SNS-PUBLIC,사외,SNS,SNS 게시물,계좌번호: 123-456-789012,계좌번호: *************,"[{""entity_type"": ""BANK_ACCOUNT"", ""action"": ""mask_full"", ""params"": {}}]","[""사외"", ""SNS"", ""SNS 게시물"", ""PUBLIC""]",사외 공개 금지,"{""audience"": ""PUBLIC"", ""recognizer"": ""BankAccountRecognizer"", ""entity_type"": ""BANK_ACCOUNT""}"
v1,A-BANK_ACCOUNT-SNS-CUSTOMER,사외,SNS,SNS 고객 안내,계좌번호: 123-456-789012,계좌번호: *************,"[{""entity_type"": ""BANK_ACCOUNT"", ""action"": ""mask_full"", ""params"": {}}]","[""사외"", ""SNS"", ""SNS 고객 안내"", ""CUSTOMER""]",사외 공개 금지,"{""audience"": ""CUSTOMER"", ""recognizer"": ""BankAccountRecognizer"", ""entity_type"": ""BANK_ACCOUNT""}"
v1,A-BANK_ACCOUNT-PRINT-PUBLIC,사외,PRINT,전단/포스터,계좌번호: 123-456-789012,계좌번호: *************,"[{""entity_type"": ""BANK_ACCOUNT"", ""action"": ""mask_full"", ""params"": {}}]","[""사외"", ""PRINT"", ""전단/포스터"", ""PUBLIC""]",사외 공개 금지,"{""audience"": ""PUBLIC"", ""recognizer"": ""BankAccountRecognizer"", ""entity_type"": ""BANK_ACCOUNT""}"
v1,A-BANK_ACCOUNT-PRINT-CUSTOMER,사외,PRINT,고객 발송 안내문,계좌번호: 123-456-789012,계좌번호: *************,"[{""entity_type"": ""BANK_ACCOUNT"", ""action"": ""mask_full"", ""params"": {}}]","[""사외"", ""PRINT"", ""고객 발송 안내문"", ""CUSTOMER""]",사외 공개 금지,"{""audience"": ""CUSTOMER"", ""recognizer"": ""BankAccountRecognizer"", ""entity_type"": ""BANK_ACCOUNT""}"
v1,A-BANK_ACCOUNT-PRINT-EMPLOYEE,사내,PRINT,사내 게시판 공지,계좌번호: 123-456-789012,계좌번호: **********12,"[{""entity_type"": ""BANK_ACCOUNT"", ""action"": ""mask_partial"", ""params"": {""keep_last"": 2}}]","[""사내"", ""PRINT"", ""사내 게시판 공지"", ""EMPLOYEE""]",사내 최소 공개(끝 2자리),"{""audience"": ""EMPLOYEE"", ""recognizer"": ""BankAccountRecognizer"", ""entity_type"": ""BANK_ACCOUNT""}"
v1,A-BANK_ACCOUNT-PRINT-PARTNER,사외,PRINT,협력사 배포 자료,계좌번호: 123-456-789012,계좌번호: *************,"[{""entity_type"": ""BANK_ACCOUNT"", ""action"": ""mask_full"", ""params"": {}}]","[""사외"", ""PRINT"", ""협력사 배포 자료"", ""PARTNER""]",사외 공개 금지,"{""audience"": ""PARTNER"", ""recognizer"": ""BankAccountRecognizer"", ""entity_type"": ""BANK_ACCOUNT""}"
v1,A-CARD_NUMBER-WEB-PUBLIC,사외,WEB,홈페이지 공지,카드번호: 4111-1111-1111-1234,카드번호: ****-****-****-1234,"[{""entity_type"": ""CARD_NUMBER"", ""action"": ""mask_partial"", ""params"": {""keep_last"": 4, ""separator"": ""-""}}]","[""사외"", ""WEB"", ""홈페이지 공지"", ""PUBLIC""]",채널/오디언스 무관 부분 공개만 허용,"{""audience"": ""PUBLIC"", ""recognizer"": ""CardNumberRecognizer"", ""entity_type"": ""CARD_NUMBER""}"
v1,A-CARD_NUMBER-WEB-CUSTOMER,사외,WEB,고객 포털 공지,카드번호: 4111-1111-1111-1234,카드번호: ****-****-****-1234,"[{""entity_type"": ""CARD_NUMBER"", ""action"": ""mask_partial"", ""params"": {""keep_last"": 4, ""separator"": ""-""}}]","[""사외"", ""WEB"", ""고객 포털 공지"", ""CUSTOMER""]",채널/오디언스 무관 부분 공개만 허용,"{""audience"": ""CUSTOMER"", ""recognizer"": ""CardNumberRecognizer"", ""entity_type"": ""CARD_NUMBER""}"
v1,A-CARD_NUMBER-WEB-EMPLOYEE,사내,WEB,인트라넷 공지,카드번호: 4111-1111-1111-1234,카드번호: ****-****-****-1234,"[{""entity_type"": ""CARD_NUMBER"", ""action"": ""mask_partial"", ""params"": {""keep_last"": 4, ""separator"": ""-""}}]","[""사내"", ""WEB"", ""인트라넷 공지"", ""EMPLOYEE""]",채널/오디언스 무관 부분 공개만 허용,"{""audience"": ""EMPLOYEE"", ""recognizer"": ""CardNumberRecognizer"", ""entity_type"": ""CARD_NUMBER""}"
v1,A-CARD_NUMBER-WEB-PARTNER,사외,WEB,파트너 포털 공지,카드번호: 4111-1111-1111-1234,카드번호: ****-****-****-1234,"[{""entity_type"": ""CARD_NUMBER"", ""action"": ""mask_partial"", ""params"": {""keep_last"": 4, ""separator"": ""-""}}]","[""사외"", ""WEB"", ""파트너 포털 공지"", ""PARTNER""]",채널/오디언스 무관 부분 공개만 허용,"{""audience"": ""PARTNER"", ""recognizer"": ""CardNumberRecognizer"", ""entity_type"": ""CARD_NUMBER""}"
v1,A-CARD_NUMBER-EMAIL-PUBLIC,사외,EMAIL,뉴스레터,카드번호: 4111-1111-1111-1234,카드번호: ****-****-****-1234,"[{""entity_type"": ""CARD_NUMBER"", ""action"": ""mask_partial"", ""params"": {""keep_last"": 4, ""separator"": ""-""}}]","[""사외"", ""EMAIL"", ""뉴스레터"", ""PUBLIC""]",채널/오디언스 무관 부분 공개만 허용,"{""audience"": ""PUBLIC"", ""recognizer"": ""CardNumberRecognizer"", ""entity_type"": ""CARD_NUMBER""}"
v1,A-CARD_NUMBER-EMAIL-CUSTOMER,사외,EMAIL,고객 안내 메일,카드번호: 4111-1111-1111-1234,카드번호: ****-****-****-1234,"[{""entity_type"": ""CARD_NUMBER"", ""action"": ""mask_partial"", ""params"": {""keep_last"": 4, ""separator"": ""-""}}]","[""사외"", ""EMAIL"", ""고객 안내 메일"", ""CUSTOMER""]",채널/오디언스 무관 부분 공개만 허용,"{""audience"": ""CUSTOMER"", ""recognizer"": ""CardNumberRecognizer"", ""entity_type"": ""CARD_NUMBER""}"
v1,A-CARD_NUMBER-EMAIL-EMPLOYEE,사내,EMAIL,사내 전체메일,카드번호: 4111-1111-1111-1234,카드번호: ****-****-****-1234,"[{""entity_type"": ""CARD_NUMBER"", ""action"": ""mask_partial"", ""params"": {""keep_last"": 4, ""separator"": ""-""}}]","[""사내"", ""EMAIL"", ""사내 전체메일"", ""EMPLOYEE""]",채널/오디언스 무관 부분 공개만 허용,"{""audience"": ""EMPLOYEE"", ""recognizer"": ""CardNumberRecognizer"", ""entity_type"": ""CARD_NUMBER""}"
v1,A-CARD_NUMBER-EMAIL-PARTNER,사외,EMAIL,협력사 공지 메일,카드번호: 4111-1111-1111-1234,카드번호: ****-****-****-1234,"[{""entity_type"": ""CARD_NUMBER"", ""action"": ""mask_partial"", ""params"": {""keep_last"": 4, ""separator"": ""-""}}]","[""사외"", ""EMAIL"", ""협력사 공지 메일"", ""PARTNER""]",채널/오디언스 무관 부분 공개만 허용,"{""audience"": ""PARTNER"", ""recognizer"": ""CardNumberRecognizer"", ""entity_type"": ""CARD_NUMBER""}"
v1,A-CARD_NUMBER-PRESS-PUBLIC,사외,PRESS,보도자료,카드번호: 4111-1111-1111-1234,카드번호: ****-****-****-1234,"[{""entity_type"": ""CARD_NUMBER"", ""action"": ""mask_partial"", ""params"": {""keep_last"": 4, ""separator"": ""-""}}]","[""사외"", ""PRESS"", ""보도자료"", ""PUBLIC""]",채널/오디언스 무관 부분 공개만 허용,"{""audience"": ""PUBLIC"", ""recognizer"": ""CardNumberRecognizer"", ""entity_type"": ""CARD_NUMBER""}"
v1,A-CARD_NUMBER-SNS-PUBLIC,사외,SNS,SNS 게시물,카드번호: 4111-1111-1111-1234,카드번호: ****-****-****-1234,"[{""entity_type"": ""CARD_NUMBER"", ""action"": ""mask_partial"", ""params"": {""keep_last"": 4, ""separator"": ""-""}}]","[""사외"", ""SNS"", ""SNS 게시물"", ""PUBLIC""]",채널/오디언스 무관 부분 공개만 허용,"{""audience"": ""PUBLIC"", ""recognizer"": ""CardNumberRecognizer"", ""entity_type"": ""CARD_NUMBER""}"
v1,A-CARD_NUMBER-SNS-CUSTOMER,사외,SNS,SNS 고객 안내,카드번호: 4111-1111-1111-1234,카드번호: ****-****-****-1234,"[{""entity_type"": ""CARD_NUMBER"", ""action"": ""mask_partial"", ""params"": {""keep_last"": 4, ""separator"": ""-""}}]","[""사외"", ""SNS"", ""SNS 고객 안내"", ""CUSTOMER""]",채널/오디언스 무관 부분 공개만 허용,"{""audience"": ""CUSTOMER"", ""recognizer"": ""CardNumberRecognizer"", ""entity_type"": ""CARD_NUMBER""}"
v1,A-CARD_NUMBER-PRINT-PUBLIC,사외,PRINT,전단/포스터,카드번호: 4111-1111-1111-1234,카드번호: ****-****-****-1234,"[{""entity_type"": ""CARD_NUMBER"", ""action"": ""mask_partial"", ""params"": {""keep_last"": 4, ""separator"": ""-""}}]","[""사외"", ""PRINT"", ""전단/포스터"", ""PUBLIC""]",채널/오디언스 무관 부분 공개만 허용,"{""audience"": ""PUBLIC"", ""recognizer"": ""CardNumberRecognizer"", ""entity_type"": ""CARD_NUMBER""}"
v1,A-CARD_NUMBER-PRINT-CUSTOMER,사외,PRINT,고객 발송 안내문,카드번호: 4111-1111-1111-1234,카드번호: ****-****-****-1234,"[{""entity_type"": ""CARD_NUMBER"", ""action"": ""mask_partial"", ""params"": {""keep_last"": 4, ""separator"": ""-""}}]","[""사외"", ""PRINT"", ""고객 발송 안내문"", ""CUSTOMER""]",채널/오디언스 무관 부분 공개만 허용,"{""audience"": ""CUSTOMER"", ""recognizer"": ""CardNumberRecognizer"", ""entity_type"": ""CARD_NUMBER""}"
v1,A-CARD_NUMBER-PRINT-EMPLOYEE,사내,PRINT,사내 게시판 공지,카드번호: 4111-1111-1111-1234,카드번호: ****-****-****-1234,"[{""entity_type"": ""CARD_NUMBER"", ""action"": ""mask_partial"", ""params"": {""keep_last"": 4, ""separator"": ""-""}}]","[""사내"", ""PRINT"", ""사내 게시판 공지"", ""EMPLOYEE""]",채널/오디언스 무관 부분 공개만 허용,"{""audience"": ""EMPLOYEE"", ""recognizer"": ""CardNumberRecognizer"", ""entity_type"": ""CARD_NUMBER""}"
v1,A-CARD_NUMBER-PRINT-PARTNER,사외,PRINT,협력사 배포 자료,카드번호: 4111-1111-1111-1234,카드번호: ****-****-****-1234,"[{""entity_type"": ""CARD_NUMBER"", ""action"": ""mask_partial"", ""params"": {""keep_last"": 4, ""separator"": ""-""}}]","[""사외"", ""PRINT"", ""협력사 배포 자료"", ""PARTNER""]",채널/오디언스 무관 부분 공개만 허용,"{""audience"": ""PARTNER"", ""recognizer"": ""CardNumberRecognizer"", ""entity_type"": ""CARD_NUMBER""}"
v1,A-DRIVER_LICENSE-WEB-PUBLIC,사외,WEB,홈페이지 공지,운전면허번호: 12-34-567890-12,운전면허번호: **************,"[{""entity_type"": ""DRIVER_LICENSE"", ""action"": ""mask_full"", ""params"": {}}]","[""사외"", ""WEB"", ""홈페이지 공지"", ""PUBLIC""]",사외 공개 금지,"{""audience"": ""PUBLIC"", ""recognizer"": ""DriverLicenseRecognizer"", ""entity_type"": ""DRIVER_LICENSE""}"
v1,A-DRIVER_LICENSE-WEB-CUSTOMER,사외,WEB,고객 포털 공지,운전면허번호: 12-34-567890-12,운전면허번호: **************,"[{""entity_type"": ""DRIVER_LICENSE"", ""action"": ""mask_full"", ""params"": {}}]","[""사외"", ""WEB"", ""고객 포털 공지"", ""CUSTOMER""]",사외 공개 금지,"{""audience"": ""CUSTOMER"", ""recognizer"": ""DriverLicenseRecognizer"", ""entity_type"": ""DRIVER_LICENSE""}"
v1,A-DRIVER_LICENSE-WEB-EMPLOYEE,사내,WEB,인트라넷 공지,운전면허번호: 12-34-567890-12,운전면허번호: **********9012,"[{""entity_type"": ""DRIVER_LICENSE"", ""action"": ""mask_partial"", ""params"": {""keep_last"": 4}}]","[""사내"", ""WEB"", ""인트라넷 공지"", ""EMPLOYEE""]",사내 최소 공개,"{""audience"": ""EMPLOYEE"", ""recognizer"": ""DriverLicenseRecognizer"", ""entity_type"": ""DRIVER_LICENSE""}"
v1,A-DRIVER_LICENSE-WEB-PARTNER,사외,WEB,파트너 포털 공지,운전면허번호: 12-34-567890-12,운전면허번호: **************,"[{""entity_type"": ""DRIVER_LICENSE"", ""action"": ""mask_full"", ""params"": {}}]","[""사외"", ""WEB"", ""파트너 포털 공지"", ""PARTNER""]",사외 공개 금지,"{""audience"": ""PARTNER"", ""recognizer"": ""DriverLicenseRecognizer"", ""entity_type"": ""DRIVER_LICENSE""}"
v1,A-DRIVER_LICENSE-EMAIL-PUBLIC,사외,EMAIL,뉴스레터,운전면허번호: 12-34-567890-12,운전면허번호: **************,"[{""entity_type"": ""DRIVER_LICENSE"", ""action"": ""mask_full"", ""params"": {}}]","[""사외"", ""EMAIL"", ""뉴스레터"", ""PUBLIC""]",사외 공개 금지,"{""audience"": ""PUBLIC"", ""recognizer"": ""DriverLicenseRecognizer"", ""entity_type"": ""DRIVER_LICENSE""}"
v1,A-DRIVER_LICENSE-EMAIL-CUSTOMER,사외,EMAIL,고객 안내 메일,운전면허번호: 12-34-567890-12,운전면허번호: **************,"[{""entity_type"": ""DRIVER_LICENSE"", ""action"": ""mask_full"", ""params"": {}}]","[""사외"", ""EMAIL"", ""고객 안내 메일"", ""CUSTOMER""]",사외 공개 금지,"{""audience"": ""CUSTOMER"", ""recognizer"": ""DriverLicenseRecognizer"", ""entity_type"": ""DRIVER_LICENSE""}"
v1,A-DRIVER_LICENSE-EMAIL-EMPLOYEE,사내,EMAIL,사내 전체메일,운전면허번호: 12-34-567890-12,운전면허번호: **********9012,"[{""entity_type"": ""DRIVER_LICENSE"", ""action"": ""mask_partial"", ""params"": {""keep_last"": 4}}]","[""사내"", ""EMAIL"", ""사내 전체메일"", ""EMPLOYEE""]",사내 최소 공개,"{""audience"": ""EMPLOYEE"", ""recognizer"": ""DriverLicenseRecognizer"", ""entity_type"": ""DRIVER_LICENSE""}"
v1,A-DRIVER_LICENSE-EMAIL-PARTNER,사외,EMAIL,협력사 공지 메일,운전면허번호: 12-34-567890-12,운전면허번호: **************,"[{""entity_type"": ""DRIVER_LICENSE"", ""action"": ""mask_full"", ""params"": {}}]","[""사외"", ""EMAIL"", ""협력사 공지 메일"", ""PARTNER""]",사외 공개 금지,"{""audience"": ""PARTNER"", ""recognizer"": ""DriverLicenseRecognizer"", ""entity_type"": ""DRIVER_LICENSE""}"
v1,A-DRIVER_LICENSE-PRESS-PUBLIC,사외,PRESS,보도자료,운전면허번호: 12-34-567890-12,운전면허번호: **************,"[{""entity_type"": ""DRIVER_LICENSE"", ""action"": ""mask_full"", ""params"": {}}]","[""사외"", ""PRESS"", ""보도자료"", ""PUBLIC""]",사외 공개 금지,"{""audience"": ""PUBLIC"", ""recognizer"": ""DriverLicenseRecognizer"", ""entity_type"": ""DRIVER_LICENSE""}"
v1,A-DRIVER_LICENSE-SNS-PUBLIC,사외,SNS,SNS 게시물,운전면허번호: 12-34-567890-12,운전면허번호: **************,"[{""entity_type"": ""DRIVER_LICENSE"", ""action"": ""mask_full"", ""params"": {}}]","[""사외"", ""SNS"", ""SNS 게시물"", ""PUBLIC""]",사외 공개 금지,"{""audience"": ""PUBLIC"", ""recognizer"": ""DriverLicenseRecognizer"", ""entity_type"": ""DRIVER_LICENSE""}"
v1,A-DRIVER_LICENSE-SNS-CUSTOMER,사외,SNS,SNS 고객 안내,운전면허번호: 12-34-567890-12,운전면허번호: **************,"[{""entity_type"": ""DRIVER_LICENSE"", ""action"": ""mask_full"", ""params"": {}}]","[""사외"", ""SNS"", ""SNS 고객 안내"", ""CUSTOMER""]",사외 공개 금지,"{""audience"": ""CUSTOMER"", ""recognizer"": ""DriverLicenseRecognizer"", ""entity_type"": ""DRIVER_LICENSE""}"
v1,A-DRIVER_LICENSE-PRINT-PUBLIC,사외,PRINT,전단/포스터,운전면허번호: 12-34-567890-12,운전면허번호: **************,"[{""entity_type"": ""DRIVER_LICENSE"", ""action"": ""mask_full"", ""params"": {}}]","[""사외"", ""PRINT"", ""전단/포스터"", ""PUBLIC""]",사외 공개 금지,"{""audience"": ""PUBLIC"", ""recognizer"": ""DriverLicenseRecognizer"", ""entity_type"": ""DRIVER_LICENSE""}"
v1,A-DRIVER_LICENSE-PRINT-CUSTOMER,사외,PRINT,고객 발송 안내문,운전면허번호: 12-34-567890-12,운전면허번호: **************,"[{""entity_type"": ""DRIVER_LICENSE"", ""action"": ""mask_full"", ""params"": {}}]","[""사외"", ""PRINT"", ""고객 발송 안내문"", ""CUSTOMER""]",사외 공개 금지,"{""audience"": ""CUSTOMER"", ""recognizer"": ""DriverLicenseRecognizer"", ""entity_type"": ""DRIVER_LICENSE""}"
v1,A-DRIVER_LICENSE-PRINT-EMPLOYEE,사내,PRINT,사내 게시판 공지,운전면허번호: 12-34-567890-12,운전면허번호: **********9012,"[{""entity_type"": ""DRIVER_LICENSE"", ""action"": ""mask_partial"", ""params"": {""keep_last"": 4}}]","[""사내"", ""PRINT"", ""사내 게시판 공지"", ""EMPLOYEE""]",사내 최소 공개,"{""audience"": ""EMPLOYEE"", ""recognizer"": ""DriverLicenseRecognizer"", ""entity_type"": ""DRIVER_LICENSE""}"
v1,A-DRIVER_LICENSE-PRINT-PARTNER,사외,PRINT,협력사 배포 자료,운전면허번호: 12-34-567890-12,운전면허번호: **************,"[{""entity_type"": ""DRIVER_LICENSE"", ""action"": ""mask_full"", ""params"": {}}]","[""사외"", ""PRINT"", ""협력사 배포 자료"", ""PARTNER""]",사외 공개 금지,"{""audience"": ""PARTNER"", ""recognizer"": ""DriverLicenseRecognizer"", ""entity_type"": ""DRIVER_LICENSE""}"
v1,A-PASSPORT-WEB-PUBLIC,사외,WEB,홈페이지 공지,여권번호: M12345678,여권번호: *********,"[{""entity_type"": ""PASSPORT"", ""action"": ""mask_full"", ""params"": {}}]","[""사외"", ""WEB"", ""홈페이지 공지"", ""PUBLIC""]",사외 공개 금지,"{""audience"": ""PUBLIC"", ""recognizer"": ""PassportRecognizer"", ""entity_type"": ""PASSPORT""}"
v1,A-PASSPORT-WEB-CUSTOMER,사외,WEB,고객 포털 공지,여권번호: M12345678,여권번호: *********,"[{""entity_type"": ""PASSPORT"", ""action"": ""mask_full"", ""params"": {}}]","[""사외"", ""WEB"", ""고객 포털 공지"", ""CUSTOMER""]",사외 공개 금지,"{""audience"": ""CUSTOMER"", ""recognizer"": ""PassportRecognizer"", ""entity_type"": ""PASSPORT""}"
v1,A-PASSPORT-WEB-EMPLOYEE,사내,WEB,인트라넷 공지,여권번호: M12345678,여권번호: ******678,"[{""entity_type"": ""PASSPORT"", ""action"": ""mask_partial"", ""params"": {""keep_last"": 3}}]","[""사내"", ""WEB"", ""인트라넷 공지"", ""EMPLOYEE""]",사내 최소 공개,"{""audience"": ""EMPLOYEE"", ""recognizer"": ""PassportRecognizer"", ""entity_type"": ""PASSPORT""}"
v1,A-PASSPORT-WEB-PARTNER,사외,WEB,파트너 포털 공지,여권번호: M12345678,여권번호: *********,"[{""entity_type"": ""PASSPORT"", ""action"": ""mask_full"", ""params"": {}}]","[""사외"", ""WEB"", ""파트너 포털 공지"", ""PARTNER""]",사외 공개 금지,"{""audience"": ""PARTNER"", ""recognizer"": ""PassportRecognizer"", ""entity_type"": ""PASSPORT""}"
v1,A-PASSPORT-EMAIL-PUBLIC,사외,EMAIL,뉴스레터,여권번호: M12345678,여권번호: *********,"[{""entity_type"": ""PASSPORT"", ""action"": ""mask_full"", ""params"": {}}]","[""사외"", ""EMAIL"", ""뉴스레터"", ""PUBLIC""]",사외 공개 금지,"{""audience"": ""PUBLIC"", ""recognizer"": ""PassportRecognizer"", ""entity_type"": ""PASSPORT""}"
v1,A-PASSPORT-EMAIL-CUSTOMER,사외,EMAIL,고객 안내 메일,여권번호: M12345678,여권번호: *********,"[{""entity_type"": ""PASSPORT"", ""action"": ""mask_full"", ""params"": {}}]","[""사외"", ""EMAIL"", ""고객 안내 메일"", ""CUSTOMER""]",사외 공개 금지,"{""audience"": ""CUSTOMER"", ""recognizer"": ""PassportRecognizer"", ""entity_type"": ""PASSPORT""}"
v1,A-PASSPORT-EMAIL-EMPLOYEE,사내,EMAIL,사내 전체메일,여권번호: M12345678,여권번호: ******678,"[{""entity_type"": ""PASSPORT"", ""action"": ""mask_partial"", ""params"": {""keep_last"": 3}}]","[""사내"", ""EMAIL"", ""사내 전체메일"", ""EMPLOYEE""]",사내 최소 공개,"{""audience"": ""EMPLOYEE"", ""recognizer"": ""PassportRecognizer"", ""entity_type"": ""PASSPORT""}"
v1,A-PASSPORT-EMAIL-PARTNER,사외,EMAIL,협력사 공지 메일,여권번호: M12345678,여권번호: *********,"[{""entity_type"": ""PASSPORT"", ""action"": ""mask_full"", ""params"": {}}]","[""사외"", ""EMAIL"", ""협력사 공지 메일"", ""PARTNER""]",사외 공개 금지,"{""audience"": ""PARTNER"", ""recognizer"": ""PassportRecognizer"", ""entity_type"": ""PASSPORT""}"
v1,A-PASSPORT-PRESS-PUBLIC,사외,PRESS,보도자료,여권번호: M12345678,여권번호: *********,"[{""entity_type"": ""PASSPORT"", ""action"": ""mask_full"", ""params"": {}}]","[""사외"", ""PRESS"", ""보도자료"", ""PUBLIC""]",사외 공개 금지,"{""audience"": ""PUBLIC"", ""recognizer"": ""PassportRecognizer"", ""entity_type"": ""PASSPORT""}"
v1,A-PASSPORT-SNS-PUBLIC,사외,SNS,SNS 게시물,여권번호: M12345678,여권번호: *********,"[{""entity_type"": ""PASSPORT"", ""action"": ""mask_full"", ""params"": {}}]","[""사외"", ""SNS"", ""SNS 게시물"", ""PUBLIC""]",사외 공개 금지,"{""audience"": ""PUBLIC"", ""recognizer"": ""PassportRecognizer"", ""entity_type"": ""PASSPORT""}"
v1,A-PASSPORT-SNS-CUSTOMER,사외,SNS,SNS 고객 안내,여권번호: M12345678,여권번호: *********,"[{""entity_type"": ""PASSPORT"", ""action"": ""mask_full"", ""params"": {}}]","[""사외"", ""SNS"", ""SNS 고객 안내"", ""CUSTOMER""]",사외 공개 금지,"{""audience"": ""CUSTOMER"", ""recognizer"": ""PassportRecognizer"", ""entity_type"": ""PASSPORT""}"
v1,A-PASSPORT-PRINT-PUBLIC,사외,PRINT,전단/포스터,여권번호: M12345678,여권번호: *********,"[{""entity_type"": ""PASSPORT"", ""action"": ""mask_full"", ""params"": {}}]","[""사외"", ""PRINT"", ""전단/포스터"", ""PUBLIC""]",사외 공개 금지,"{""audience"": ""PUBLIC"", ""recognizer"": ""PassportRecognizer"", ""entity_type"": ""PASSPORT""}"
v1,A-PASSPORT-PRINT-CUSTOMER,사외,PRINT,고객 발송 안내문,여권번호: M12345678,여권번호: *********,"[{""entity_type"": ""PASSPORT"", ""action"": ""mask_full"", ""params"": {}}]","[""사외"", ""PRINT"", ""고객 발송 안내문"", ""CUSTOMER""]",사외 공개 금지,"{""audience"": ""CUSTOMER"", ""recognizer"": ""PassportRecognizer"", ""entity_type"": ""PASSPORT""}"
v1,A-PASSPORT-PRINT-EMPLOYEE,사내,PRINT,사내 게시판 공지,여권번호: M12345678,여권번호: ******678,"[{""entity_type"": ""PASSPORT"", ""action"": ""mask_partial"", ""params"": {""keep_last"": 3}}]","[""사내"", ""PRINT"", ""사내 게시판 공지"", ""EMPLOYEE""]",사내 최소 공개,"{""audience"": ""EMPLOYEE"", ""recognizer"": ""PassportRecognizer"", ""entity_type"": ""PASSPORT""}"
v1,A-PASSPORT-PRINT-PARTNER,사외,PRINT,협력사 배포 자료,여권번호: M12345678,여권번호: *********,"[{""entity_type"": ""PASSPORT"", ""action"": ""mask_full"", ""params"": {}}]","[""사외"", ""PRINT"", ""협력사 배포 자료"", ""PARTNER""]",사외 공개 금지,"{""audience"": ""PARTNER"", ""recognizer"": ""PassportRecognizer"", ""entity_type"": ""PASSPORT""}"
v1,A-PHONE_NUMBER-WEB-PUBLIC,사외,WEB,홈페이지 공지,연락처: 010-1234-5678,연락처: 010-****-5678,"[{""entity_type"": ""PHONE_NUMBER"", ""action"": ""mask_partial"", ""params"": {""keep_last"": 4, ""separator"": ""-""}}]","[""사외"", ""WEB"", ""홈페이지 공지"", ""PUBLIC""]",사외/사내 모두 모바일은 끝 4자리만,"{""audience"": ""PUBLIC"", ""recognizer"": ""PhoneRecognizer"", ""entity_type"": ""PHONE_NUMBER""}"
v1,A-PHONE_NUMBER-WEB-CUSTOMER,사외,WEB,고객 포털 공지,연락처: 010-1234-5678,연락처: 010-****-5678,"[{""entity_type"": ""PHONE_NUMBER"", ""action"": ""mask_partial"", ""params"": {""keep_last"": 4, ""separator"": ""-""}}]","[""사외"", ""WEB"", ""고객 포털 공지"", ""CUSTOMER""]",사외/사내 모두 모바일은 끝 4자리만,"{""audience"": ""CUSTOMER"", ""recognizer"": ""PhoneRecognizer"", ""entity_type"": ""PHONE_NUMBER""}"
v1,A-PHONE_NUMBER-WEB-EMPLOYEE,사내,WEB,인트라넷 공지,연락처: 010-1234-5678,연락처: 010-****-5678,"[{""entity_type"": ""PHONE_NUMBER"", ""action"": ""mask_partial"", ""params"": {""keep_last"": 4, ""separator"": ""-""}}]","[""사내"", ""WEB"", ""인트라넷 공지"", ""EMPLOYEE""]",사외/사내 모두 모바일은 끝 4자리만,"{""audience"": ""EMPLOYEE"", ""recognizer"": ""PhoneRecognizer"", ""entity_type"": ""PHONE_NUMBER""}"
v1,A-PHONE_NUMBER-WEB-PARTNER,사외,WEB,파트너 포털 공지,연락처: 010-1234-5678,연락처: 010-****-5678,"[{""entity_type"": ""PHONE_NUMBER"", ""action"": ""mask_partial"", ""params"": {""keep_last"": 4, ""separator"": ""-""}}]","[""사외"", ""WEB"", ""파트너 포털 공지"", ""PARTNER""]",사외/사내 모두 모바일은 끝 4자리만,"{""audience"": ""PARTNER"", ""recognizer"": ""PhoneRecognizer"", ""entity_type"": ""PHONE_NUMBER""}"
v1,A-PHONE_NUMBER-EMAIL-PUBLIC,사외,EMAIL,뉴스레터,연락처: 010-1234-5678,연락처: 010-****-5678,"[{""entity_type"": ""PHONE_NUMBER"", ""action"": ""mask_partial"", ""params"": {""keep_last"": 4, ""separator"": ""-""}}]","[""사외"", ""EMAIL"", ""뉴스레터"", ""PUBLIC""]",사외/사내 모두 모바일은 끝 4자리만,"{""audience"": ""PUBLIC"", ""recognizer"": ""PhoneRecognizer"", ""entity_type"": ""PHONE_NUMBER""}"
v1,A-PHONE_NUMBER-EMAIL-CUSTOMER,사외,EMAIL,고객 안내 메일,연락처: 010-1234-5678,연락처: 010-****-5678,"[{""entity_type"": ""PHONE_NUMBER"", ""action"": ""mask_partial"", ""params"": {""keep_last"": 4, ""separator"": ""-""}}]","[""사외"", ""EMAIL"", ""고객 안내 메일"", ""CUSTOMER""]",사외/사내 모두 모바일은 끝 4자리만,"{""audience"": ""CUSTOMER"", ""recognizer"": ""PhoneRecognizer"", ""entity_type"": ""PHONE_NUMBER""}"
v1,A-PHONE_NUMBER-EMAIL-EMPLOYEE,사내,EMAIL,사내 전체메일,연락처: 010-1234-5678,연락처: 010-****-5678,"[{""entity_type"": ""PHONE_NUMBER"", ""action"": ""mask_partial"", ""params"": {""keep_last"": 4, ""separator"": ""-""}}]","[""사내"", ""EMAIL"", ""사내 전체메일"", ""EMPLOYEE""]",사외/사내 모두 모바일은 끝 4자리만,"{""audience"": ""EMPLOYEE"", ""recognizer"": ""PhoneRecognizer"", ""entity_type"": ""PHONE_NUMBER""}"
v1,A-PHONE_NUMBER-EMAIL-PARTNER,사외,EMAIL,협력사 공지 메일,연락처: 010-1234-5678,연락처: 010-****-5678,"[{""entity_type"": ""PHONE_NUMBER"", ""action"": ""mask_partial"", ""params"": {""keep_last"": 4, ""separator"": ""-""}}]","[""사외"", ""EMAIL"", ""협력사 공지 메일"", ""PARTNER""]",사외/사내 모두 모바일은 끝 4자리만,"{""audience"": ""PARTNER"", ""recognizer"": ""PhoneRecognizer"", ""entity_type"": ""PHONE_NUMBER""}"
v1,A-PHONE_NUMBER-PRESS-PUBLIC,사외,PRESS,보도자료,연락처: 010-1234-5678,연락처: 010-****-5678,"[{""entity_type"": ""PHONE_NUMBER"", ""action"": ""mask_partial"", ""params"": {""keep_last"": 4, ""separator"": ""-""}}]","[""사외"", ""PRESS"", ""보도자료"", ""PUBLIC""]",사외/사내 모두 모바일은 끝 4자리만,"{""audience"": ""PUBLIC"", ""recognizer"": ""PhoneRecognizer"", ""entity_type"": ""PHONE_NUMBER""}"
v1,A-PHONE_NUMBER-SNS-PUBLIC,사외,SNS,SNS 게시물,연락처: 010-1234-5678,연락처: 010-****-5678,"[{""entity_type"": ""PHONE_NUMBER"", ""action"": ""mask_partial"", ""params"": {""keep_last"": 4, ""separator"": ""-""}}]","[""사외"", ""SNS"", ""SNS 게시물"", ""PUBLIC""]",사외/사내 모두 모바일은 끝 4자리만,"{""audience"": ""PUBLIC"", ""recognizer"": ""PhoneRecognizer"", ""entity_type"": ""PHONE_NUMBER""}"
v1,A-PHONE_NUMBER-SNS-CUSTOMER,사외,SNS,SNS 고객 안내,연락처: 010-1234-5678,연락처: 010-****-5678,"[{""entity_type"": ""PHONE_NUMBER"", ""action"": ""mask_partial"", ""params"": {""keep_last"": 4, ""separator"": ""-""}}]","[""사외"", ""SNS"", ""SNS 고객 안내"", ""CUSTOMER""]",사외/사내 모두 모바일은 끝 4자리만,"{""audience"": ""CUSTOMER"", ""recognizer"": ""PhoneRecognizer"", ""entity_type"": ""PHONE_NUMBER""}"
v1,A-PHONE_NUMBER-PRINT-PUBLIC,사외,PRINT,전단/포스터,연락처: 010-1234-5678,연락처: 010-****-5678,"[{""entity_type"": ""PHONE_NUMBER"", ""action"": ""mask_partial"", ""params"": {""keep_last"": 4, ""separator"": ""-""}}]","[""사외"", ""PRINT"", ""전단/포스터"", ""PUBLIC""]",사외/사내 모두 모바일은 끝 4자리만,"{""audience"": ""PUBLIC"", ""recognizer"": ""PhoneRecognizer"", ""entity_type"": ""PHONE_NUMBER""}"
v1,A-PHONE_NUMBER-PRINT-CUSTOMER,사외,PRINT,고객 발송 안내문,연락처: 010-1234-5678,연락처: 010-****-5678,"[{""entity_type"": ""PHONE_NUMBER"", ""action"": ""mask_partial"", ""params"": {""keep_last"": 4, ""separator"": ""-""}}]","[""사외"", ""PRINT"", ""고객 발송 안내문"", ""CUSTOMER""]",사외/사내 모두 모바일은 끝 4자리만,"{""audience"": ""CUSTOMER"", ""recognizer"": ""PhoneRecognizer"", ""entity_type"": ""PHONE_NUMBER""}"
v1,A-PHONE_NUMBER-PRINT-EMPLOYEE,사내,PRINT,사내 게시판 공지,연락처: 010-1234-5678,연락처: 010-****-5678,"[{""entity_type"": ""PHONE_NUMBER"", ""action"": ""mask_partial"", ""params"": {""keep_last"": 4, ""separator"": ""-""}}]","[""사내"", ""PRINT"", ""사내 게시판 공지"", ""EMPLOYEE""]",사외/사내 모두 모바일은 끝 4자리만,"{""audience"": ""EMPLOYEE"", ""recognizer"": ""PhoneRecognizer"", ""entity_type"": ""PHONE_NUMBER""}"
v1,A-PHONE_NUMBER-PRINT-PARTNER,사외,PRINT,협력사 배포 자료,연락처: 010-1234-5678,연락처: 010-****-5678,"[{""entity_type"": ""PHONE_NUMBER"", ""action"": ""mask_partial"", ""params"": {""keep_last"": 4, ""separator"": ""-""}}]","[""사외"", ""PRINT"", ""협력사 배포 자료"", ""PARTNER""]",사외/사내 모두 모바일은 끝 4자리만,"{""audience"": ""PARTNER"", ""recognizer"": ""PhoneRecognizer"", ""entity_type"": ""PHONE_NUMBER""}"
v1,A-RRN-WEB-PUBLIC,사외,WEB,홈페이지 공지,주민등록번호: 900101-1234567,주민등록번호: ***************,"[{""entity_type"": ""RRN"", ""action"": ""mask_full"", ""params"": {}}]","[""사외"", ""WEB"", ""홈페이지 공지"", ""PUBLIC""]",고유식별정보 절대 비공개,"{""audience"": ""PUBLIC"", ""recognizer"": ""ResidentIDRecognizer"", ""entity_type"": ""RRN""}"
v1,A-RRN-WEB-CUSTOMER,사외,WEB,고객 포털 공지,주민등록번호: 900101-1234567,주민등록번호: ***************,"[{""entity_type"": ""RRN"", ""action"": ""mask_full"", ""params"": {}}]","[""사외"", ""WEB"", ""고객 포털 공지"", ""CUSTOMER""]",고유식별정보 절대 비공개,"{""audience"": ""CUSTOMER"", ""recognizer"": ""ResidentIDRecognizer"", ""entity_type"": ""RRN""}"
v1,A-RRN-WEB-EMPLOYEE,사내,WEB,인트라넷 공지,주민등록번호: 900101-1234567,주민등록번호: ***************,"[{""entity_type"": ""RRN"", ""action"": ""mask_full"", ""params"": {}}]","[""사내"", ""WEB"", ""인트라넷 공지"", ""EMPLOYEE""]",고유식별정보 절대 비공개,"{""audience"": ""EMPLOYEE"", ""recognizer"": ""ResidentIDRecognizer"", ""entity_type"": ""RRN""}"
v1,A-RRN-WEB-PARTNER,사외,WEB,파트너 포털 공지,주민등록번호: 900101-1234567,주민등록번호: ***************,"[{""entity_type"": ""RRN"", ""action"": ""mask_full"", ""params"": {}}]","[""사외"", ""WEB"", ""파트너 포털 공지"", ""PARTNER""]",고유식별정보 절대 비공개,"{""audience"": ""PARTNER"", ""recognizer"": ""ResidentIDRecognizer"", ""entity_type"": ""RRN""}"
v1,A-RRN-EMAIL-PUBLIC,사외,EMAIL,뉴스레터,주민등록번호: 900101-1234567,주민등록번호: ***************,"[{""entity_type"": ""RRN"", ""action"": ""mask_full"", ""params"": {}}]","[""사외"", ""EMAIL"", ""뉴스레터"", ""PUBLIC""]",고유식별정보 절대 비공개,"{""audience"": ""PUBLIC"", ""recognizer"": ""ResidentIDRecognizer"", ""entity_type"": ""RRN""}"
v1,A-RRN-EMAIL-CUSTOMER,사외,EMAIL,고객 안내 메일,주민등록번호: 900101-1234567,주민등록번호: ***************,"[{""entity_type"": ""RRN"", ""action"": ""mask_full"", ""params"": {}}]","[""사외"", ""EMAIL"", ""고객 안내 메일"", ""CUSTOMER""]",고유식별정보 절대 비공개,"{""audience"": ""CUSTOMER"", ""recognizer"": ""ResidentIDRecognizer"", ""entity_type"": ""RRN""}"
v1,A-RRN-EMAIL-EMPLOYEE,사내,EMAIL,사내 전체메일,주민등록번호: 900101-1234567,주민등록번호: ***************,"[{""entity_type"": ""RRN"", ""action"": ""mask_full"", ""params"": {}}]","[""사내"", ""EMAIL"", ""사내 전체메일"", ""EMPLOYEE""]",고유식별정보 절대 비공개,"{""audience"": ""EMPLOYEE"", ""recognizer"": ""ResidentIDRecognizer"", ""entity_type"": ""RRN""}"
v1,A-RRN-EMAIL-PARTNER,사외,EMAIL,협력사 공지 메일,주민등록번호: 900101-1234567,주민등록번호: ***************,"[{""entity_type"": ""RRN"", ""action"": ""mask_full"", ""params"": {}}]","[""사외"", ""EMAIL"", ""협력사 공지 메일"", ""PARTNER""]",고유식별정보 절대 비공개,"{""audience"": ""PARTNER"", ""recognizer"": ""ResidentIDRecognizer"", ""entity_type"": ""RRN""}"
v1,A-RRN-PRESS-PUBLIC,사외,PRESS,보도자료,주민등록번호: 900101-1234567,주민등록번호: ***************,"[{""entity_type"": ""RRN"", ""action"": ""mask_full"", ""params"": {}}]","[""사외"", ""PRESS"", ""보도자료"", ""PUBLIC""]",고유식별정보 절대 비공개,"{""audience"": ""PUBLIC"", ""recognizer"": ""ResidentIDRecognizer"", ""entity_type"": ""RRN""}"
v1,A-RRN-SNS-PUBLIC,사외,SNS,SNS 게시물,주민등록번호: 900101-1234567,주민등록번호: ***************,"[{""entity_type"": ""RRN"", ""action"": ""mask_full"", ""params"": {}}]","[""사외"", ""SNS"", ""SNS 게시물"", ""PUBLIC""]",고유식별정보 절대 비공개,"{""audience"": ""PUBLIC"", ""recognizer"": ""ResidentIDRecognizer"", ""entity_type"": ""RRN""}"
v1,A-RRN-SNS-CUSTOMER,사외,SNS,SNS 고객 안내,주민등록번호: 900101-1234567,주민등록번호: ***************,"[{""entity_type"": ""RRN"", ""action"": ""mask_full"", ""params"": {}}]","[""사외"", ""SNS"", ""SNS 고객 안내"", ""CUSTOMER""]",고유식별정보 절대 비공개,"{""audience"": ""CUSTOMER"", ""recognizer"": ""ResidentIDRecognizer"", ""entity_type"": ""RRN""}"
v1,A-RRN-PRINT-PUBLIC,사외,PRINT,전단/포스터,주민등록번호: 900101-1234567,주민등록번호: ***************,"[{""entity_type"": ""RRN"", ""action"": ""mask_full"", ""params"": {}}]","[""사외"", ""PRINT"", ""전단/포스터"", ""PUBLIC""]",고유식별정보 절대 비공개,"{""audience"": ""PUBLIC"", ""recognizer"": ""ResidentIDRecognizer"", ""entity_type"": ""RRN""}"
v1,A-RRN-PRINT-CUSTOMER,사외,PRINT,고객 발송 안내문,주민등록번호: 900101-1234567,주민등록번호: ***************,"[{""entity_type"": ""RRN"", ""action"": ""mask_full"", ""params"": {}}]","[""사외"", ""PRINT"", ""고객 발송 안내문"", ""CUSTOMER""]",고유식별정보 절대 비공개,"{""audience"": ""CUSTOMER"", ""recognizer"": ""ResidentIDRecognizer"", ""entity_type"": ""RRN""}"
v1,A-RRN-PRINT-EMPLOYEE,사내,PRINT,사내 게시판 공지,주민등록번호: 900101-1234567,주민등록번호: ***************,"[{""entity_type"": ""RRN"", ""action"": ""mask_full"", ""params"": {}}]","[""사내"", ""PRINT"", ""사내 게시판 공지"", ""EMPLOYEE""]",고유식별정보 절대 비공개,"{""audience"": ""EMPLOYEE"", ""recognizer"": ""ResidentIDRecognizer"", ""entity_type"": ""RRN""}"
v1,A-RRN-PRINT-PARTNER,사외,PRINT,협력사 배포 자료,주민등록번호: 900101-1234567,주민등록번호: ***************,"[{""entity_type"": ""RRN"", ""action"": ""mask_full"", ""params"": {}}]","[""사외"", ""PRINT"", ""협력사 배포 자료"", ""PARTNER""]",고유식별정보 절대 비공개,"{""audience"": ""PARTNER"", ""recognizer"": ""ResidentIDRecognizer"", ""entity_type"": ""RRN""}"
v1,A-MAC_ADDRESS-WEB-PUBLIC,사외,WEB,홈페이지 공지,MAC: AA:BB:CC:DD:EE:FF,MAC: AA:BB:CC:**:**:**,"[{""entity_type"": ""MAC_ADDRESS"", ""action"": ""mask_partial"", ""params"": {""keep_prefix_bytes"": 3, ""separator"": "":""}}]","[""사외"", ""WEB"", ""홈페이지 공지"", ""PUBLIC""]",사외 공개: 앞 3바이트만,"{""audience"": ""PUBLIC"", ""recognizer"": ""MACRecognizer"", ""entity_type"": ""MAC_ADDRESS""}"
v1,A-MAC_ADDRESS-WEB-CUSTOMER,사외,WEB,고객 포털 공지,MAC: AA:BB:CC:DD:EE:FF,MAC: AA:BB:CC:**:**:**,"[{""entity_type"": ""MAC_ADDRESS"", ""action"": ""mask_partial"", ""params"": {""keep_prefix_bytes"": 3, ""separator"": "":""}}]","[""사외"", ""WEB"", ""고객 포털 공지"", ""CUSTOMER""]",사외 공개: 앞 3바이트만,"{""audience"": ""CUSTOMER"", ""recognizer"": ""MACRecognizer"", ""entity_type"": ""MAC_ADDRESS""}"
v1,A-MAC_ADDRESS-WEB-EMPLOYEE,사내,WEB,인트라넷 공지,MAC: AA:BB:CC:DD:EE:FF,MAC: AA:BB:CC:DD:**:**,"[{""entity_type"": ""MAC_ADDRESS"", ""action"": ""mask_partial"", ""params"": {""keep_prefix_bytes"": 4, ""separator"": "":""}}]","[""사내"", ""WEB"", ""인트라넷 공지"", ""EMPLOYEE""]",사내 공유: 앞 4바이트,"{""audience"": ""EMPLOYEE"", ""recognizer"": ""MACRecognizer"", ""entity_type"": ""MAC_ADDRESS""}"
v1,A-MAC_ADDRESS-WEB-PARTNER,사외,WEB,파트너 포털 공지,MAC: AA:BB:CC:DD:EE:FF,MAC: AA:BB:CC:**:**:**,"[{""entity_type"": ""MAC_ADDRESS"", ""action"": ""mask_partial"", ""params"": {""keep_prefix_bytes"": 3, ""separator"": "":""}}]","[""사외"", ""WEB"", ""파트너 포털 공지"", ""PARTNER""]",사외 공개: 앞 3바이트만,"{""audience"": ""PARTNER"", ""recognizer"": ""MACRecognizer"", ""entity_type"": ""MAC_ADDRESS""}"
v1,A-MAC_ADDRESS-EMAIL-PUBLIC,사외,EMAIL,뉴스레터,MAC: AA:BB:CC:DD:EE:FF,MAC: AA:BB:CC:**:**:**,"[{""entity_type"": ""MAC_ADDRESS"", ""action"": ""mask_partial"", ""params"": {""keep_prefix_bytes"": 3, ""separator"": "":""}}]","[""사외"", ""EMAIL"", ""뉴스레터"", ""PUBLIC""]",사외 공개: 앞 3바이트만,"{""audience"": ""PUBLIC"", ""recognizer"": ""MACRecognizer"", ""entity_type"": ""MAC_ADDRESS""}"
v1,A-MAC_ADDRESS-EMAIL-CUSTOMER,사외,EMAIL,고객 안내 메일,MAC: AA:BB:CC:DD:EE:FF,MAC: AA:BB:CC:**:**:**,"[{""entity_type"": ""MAC_ADDRESS"", ""action"": ""mask_partial"", ""params"": {""keep_prefix_bytes"": 3, ""separator"": "":""}}]","[""사외"", ""EMAIL"", ""고객 안내 메일"", ""CUSTOMER""]",사외 공개: 앞 3바이트만,"{""audience"": ""CUSTOMER"", ""recognizer"": ""MACRecognizer"", ""entity_type"": ""MAC_ADDRESS""}"
v1,A-MAC_ADDRESS-EMAIL-EMPLOYEE,사내,EMAIL,사내 전체메일,MAC: AA:BB:CC:DD:EE:FF,MAC: AA:BB:CC:DD:**:**,"[{""entity_type"": ""MAC_ADDRESS"", ""action"": ""mask_partial"", ""params"": {""keep_prefix_bytes"": 4, ""separator"": "":""}}]","[""사내"", ""EMAIL"", ""사내 전체메일"", ""EMPLOYEE""]",사내 공유: 앞 4바이트,"{""audience"": ""EMPLOYEE"", ""recognizer"": ""MACRecognizer"", ""entity_type"": ""MAC_ADDRESS""}"
v1,A-MAC_ADDRESS-EMAIL-PARTNER,사외,EMAIL,협력사 공지 메일,MAC: AA:BB:CC:DD:EE:FF,MAC: AA:BB:CC:**:**:**,"[{""entity_type"": ""MAC_ADDRESS"", ""action"": ""mask_partial"", ""params"": {""keep_prefix_bytes"": 3, ""separator"": "":""}}]","[""사외"", ""EMAIL"", ""협력사 공지 메일"", ""PARTNER""]",사외 공개: 앞 3바이트만,"{""audience"": ""PARTNER"", ""recognizer"": ""MACRecognizer"", ""entity_type"": ""MAC_ADDRESS""}"
v1,A-MAC_ADDRESS-PRESS-PUBLIC,사외,PRESS,보도자료,MAC: AA:BB:CC:DD:EE:FF,MAC: AA:BB:CC:**:**:**,"[{""entity_type"": ""MAC_ADDRESS"", ""action"": ""mask_partial"", ""params"": {""keep_prefix_bytes"": 3, ""separator"": "":""}}]","[""사외"", ""PRESS"", ""보도자료"", ""PUBLIC""]",사외 공개: 앞 3바이트만,"{""audience"": ""PUBLIC"", ""recognizer"": ""MACRecognizer"", ""entity_type"": ""MAC_ADDRESS""}"
v1,A-MAC_ADDRESS-SNS-PUBLIC,사외,SNS,SNS 게시물,MAC: AA:BB:CC:DD:EE:FF,MAC: AA:BB:CC:**:**:**,"[{""entity_type"": ""MAC_ADDRESS"", ""action"": ""mask_partial"", ""params"": {""keep_prefix_bytes"": 3, ""separator"": "":""}}]","[""사외"", ""SNS"", ""SNS 게시물"", ""PUBLIC""]",사외 공개: 앞 3바이트만,"{""audience"": ""PUBLIC"", ""recognizer"": ""MACRecognizer"", ""entity_type"": ""MAC_ADDRESS""}"
v1,A-MAC_ADDRESS-SNS-CUSTOMER,사외,SNS,SNS 고객 안내,MAC: AA:BB:CC:DD:EE:FF,MAC: AA:BB:CC:**:**:**,"[{""entity_type"": ""MAC_ADDRESS"", ""action"": ""mask_partial"", ""params"": {""keep_prefix_bytes"": 3, ""separator"": "":""}}]","[""사외"", ""SNS"", ""SNS 고객 안내"", ""CUSTOMER""]",사외 공개: 앞 3바이트만,"{""audience"": ""CUSTOMER"", ""recognizer"": ""MACRecognizer"", ""entity_type"": ""MAC_ADDRESS""}"
v1,A-MAC_ADDRESS-PRINT-PUBLIC,사외,PRINT,전단/포스터,MAC: AA:BB:CC:DD:EE:FF,MAC: AA:BB:CC:**:**:**,"[{""entity_type"": ""MAC_ADDRESS"", ""action"": ""mask_partial"", ""params"": {""keep_prefix_bytes"": 3, ""separator"": "":""}}]","[""사외"", ""PRINT"", ""전단/포스터"", ""PUBLIC""]",사외 공개: 앞 3바이트만,"{""audience"": ""PUBLIC"", ""recognizer"": ""MACRecognizer"", ""entity_type"": ""MAC_ADDRESS""}"
v1,A-MAC_ADDRESS-PRINT-CUSTOMER,사외,PRINT,고객 발송 안내문,MAC: AA:BB:CC:DD:EE:FF,MAC: AA:BB:CC:**:**:**,"[{""entity_type"": ""MAC_ADDRESS"", ""action"": ""mask_partial"", ""params"": {""keep_prefix_bytes"": 3, ""separator"": "":""}}]","[""사외"", ""PRINT"", ""고객 발송 안내문"", ""CUSTOMER""]",사외 공개: 앞 3바이트만,"{""audience"": ""CUSTOMER"", ""recognizer"": ""MACRecognizer"", ""entity_type"": ""MAC_ADDRESS""}"
v1,A-MAC_ADDRESS-PRINT-EMPLOYEE,사내,PRINT,사내 게시판 공지,MAC: AA:BB:CC:DD:EE:FF,MAC: AA:BB:CC:DD:**:**,"[{""entity_type"": ""MAC_ADDRESS"", ""action"": ""mask_partial"", ""params"": {""keep_prefix_bytes"": 4, ""separator"": "":""}}]","[""사내"", ""PRINT"", ""사내 게시판 공지"", ""EMPLOYEE""]",사내 공유: 앞 4바이트,"{""audience"": ""EMPLOYEE"", ""recognizer"": ""MACRecognizer"", ""entity_type"": ""MAC_ADDRESS""}"
v1,A-MAC_ADDRESS-PRINT-PARTNER,사외,PRINT,협력사 배포 자료,MAC: AA:BB:CC:DD:EE:FF,MAC: AA:BB:CC:**:**:**,"[{""entity_type"": ""MAC_ADDRESS"", ""action"": ""mask_partial"", ""params"": {""keep_prefix_bytes"": 3, ""separator"": "":""}}]","[""사외"", ""PRINT"", ""협력사 배포 자료"", ""PARTNER""]",사외 공개: 앞 3바이트만,"{""audience"": ""PARTNER"", ""recognizer"": ""MACRecognizer"", ""entity_type"": ""MAC_ADDRESS""}"
